metric,value,source
Global AI agent market size (2026 est.),$48.5B,MarketsandMarkets AI Agents Forecast 2026
Enterprises deploying AI agents (2025),27%,Gartner AI Agent Survey 2025
Enterprises planning agent deployment (2026-27),51%,Gartner AI Agent Survey 2025
Average productivity gain from AI agents,+37%,McKinsey State of AI 2025
Top AI agent use case,Customer service (34%),Deloitte AI Agent Survey 2025
Agent-human task handoff rate (current state),42%,Forrester Agent Automation Wave 2025
MCP-enabled tools (as of mid-2026),"~8,500+",Anthropic MCP Ecosystem Tracking
Autonomous agent startups funded (2025),~340,Crunchbase AI Agent Category 2025
Expected CAGR of AI agent market (2025-2030),44.8%,Grand View Research AI Agents 2025
